paper,paper_title,technique,category,origin,exact_source,paper_dataset,paper_preprocessing,paper_augmentation,paper_optimizer,paper_loss,paper_learning_rate,paper_scheduler,paper_architecture,paper_fine_tuning,paper_metrics,AquaHealth_applicability,additional_data_required,additional_annotations_required,notes
P1,Efficient Fish Disease Classification Using Fine-Tuned MobileNetV3Large for Mobile-Based Aquaculture Diagnosis,"two-phase transfer learning: frozen backbone + head (lr 1e-3), then unfreeze last layers (lr 1e-5)",fine_tuning,[A],P1 sec 3 'Training Strategy',Kaggle irfanulhuda/fish-disease-detection-dataset (the AquaHealth source dataset),resize 224x224; ImageNet mean/std normalisation,"rotation, horizontal flip (+ scaling mentioned in integrity audit); training set only",Adam,categorical cross-entropy,Phase 1 1e-3 (head only); Phase 2 1e-5 (last 70 layers unfrozen),NOT STATED in paper text,MobileNetV3Large (ImageNet weights),"Phase 1 frozen backbone + head; Phase 2 last 70 layers unfrozen, lr 1e-5","accuracy, loss, confusion matrix, precision/recall/F1, ROC-AUC (micro/macro)",APPLICABLE - matches existing Layer 9 staged schedule [C]; paper LRs can be tested as a controlled variant,none,none,P1 unfreezes 'last 70 layers' of MobileNetV3Large; the EfficientNet-B0 analogue is a block count [D]
P1,Efficient Fish Disease Classification Using Fine-Tuned MobileNetV3Large for Mobile-Based Aquaculture Diagnosis,augmentation: rotation + horizontal flip (train only),augmentation,[A],P1 sec 1,Kaggle irfanulhuda/fish-disease-detection-dataset (the AquaHealth source dataset),resize 224x224; ImageNet mean/std normalisation,"rotation, horizontal flip (+ scaling mentioned in integrity audit); training set only",Adam,categorical cross-entropy,Phase 1 1e-3 (head only); Phase 2 1e-5 (last 70 layers unfrozen),NOT STATED in paper text,MobileNetV3Large (ImageNet weights),"Phase 1 frozen backbone + head; Phase 2 last 70 layers unfrozen, lr 1e-5","accuracy, loss, confusion matrix, precision/recall/F1, ROC-AUC (micro/macro)","APPLICABLE - subset of existing augmentation [C] (which also has crop/zoom, brightness/contrast)",none,none,controlled test = existing pipeline with brightness/contrast/crop removed
P1,Efficient Fish Disease Classification Using Fine-Tuned MobileNetV3Large for Mobile-Based Aquaculture Diagnosis,"resize 224x224 + ImageNet normalisation, no CLAHE",preprocessing,[A],P1 sec 1,Kaggle irfanulhuda/fish-disease-detection-dataset (the AquaHealth source dataset),resize 224x224; ImageNet mean/std normalisation,"rotation, horizontal flip (+ scaling mentioned in integrity audit); training set only",Adam,categorical cross-entropy,Phase 1 1e-3 (head only); Phase 2 1e-5 (last 70 layers unfrozen),NOT STATED in paper text,MobileNetV3Large (ImageNet weights),"Phase 1 frozen backbone + head; Phase 2 last 70 layers unfrozen, lr 1e-5","accuracy, loss, confusion matrix, precision/recall/F1, ROC-AUC (micro/macro)","APPLICABLE - equals our pipeline with CLAHE off; CLAHE-on is a project requirement [B], so CLAHE off/on is the controlled comparison",none,none,
P1,Efficient Fish Disease Classification Using Fine-Tuned MobileNetV3Large for Mobile-Based Aquaculture Diagnosis,Adam + categorical cross-entropy,optimizer,[A],"P1 abstract, sec 3",Kaggle irfanulhuda/fish-disease-detection-dataset (the AquaHealth source dataset),resize 224x224; ImageNet mean/std normalisation,"rotation, horizontal flip (+ scaling mentioned in integrity audit); training set only",Adam,categorical cross-entropy,Phase 1 1e-3 (head only); Phase 2 1e-5 (last 70 layers unfrozen),NOT STATED in paper text,MobileNetV3Large (ImageNet weights),"Phase 1 frozen backbone + head; Phase 2 last 70 layers unfrozen, lr 1e-5","accuracy, loss, confusion matrix, precision/recall/F1, ROC-AUC (micro/macro)",APPLICABLE - engine supports adam [C]; baseline uses AdamW [C],none,none,
P1,Efficient Fish Disease Classification Using Fine-Tuned MobileNetV3Large for Mobile-Based Aquaculture Diagnosis,MobileNetV3Large backbone,backbone,[A],P1 sec 2,Kaggle irfanulhuda/fish-disease-detection-dataset (the AquaHealth source dataset),resize 224x224; ImageNet mean/std normalisation,"rotation, horizontal flip (+ scaling mentioned in integrity audit); training set only",Adam,categorical cross-entropy,Phase 1 1e-3 (head only); Phase 2 1e-5 (last 70 layers unfrozen),NOT STATED in paper text,MobileNetV3Large (ImageNet weights),"Phase 1 frozen backbone + head; Phase 2 last 70 layers unfrozen, lr 1e-5","accuracy, loss, confusion matrix, precision/recall/F1, ROC-AUC (micro/macro)",APPLICABLE as fallback backbone [B] (PRD lists MobileNetV3-Large as hot-swap fallback); not part of EfficientNet experiments,none,none,
P2,Empirical Evaluation of Deep Learning Techniques for Fish Disease Detection in Aquaculture Systems: A Transfer Learning and Fusion-Based Approach,feature fusion of three CNN backbones + SVM,feature fusion,[A],"P2 sec III.B, Fig 7","three: dataset-1 Fresh Water Fish Disease (7 classes, public), dataset-2 (305 images, 2 classes, public), dataset-3 own 'Freshwater fish disease aquaculture in South Asia' (~2,450 images, 7 classes, 350/class)",pixel normalisation (rescale 1/255),"horizontal flip, width/height shift 0.2, rotation 20/40/60 deg, brightness variation, fill nearest; applied BEFORE the 60/20/20 split (leakage-prone protocol)","compared Adam, RMSProp, Adadelta, SGD per backbone",NOT STATED in paper text (SVM classifier for the fusion model),NOT STATED in paper text (only in table figures),NOT STATED in paper text,ImageNet-pretrained CNNs,transfer learning; fine-tuning details NOT STATED in paper text,"accuracy, precision, recall, F1, confusion matrix (macro/weighted avg)",NOT PURSUED - triples inference cost and replaces the softmax head with an SVM; conflicts with the single EfficientNet-B0 MVP [B],none,none,would need three backbones and an SVM; no engine support [D]
P2,Empirical Evaluation of Deep Learning Techniques for Fish Disease Detection in Aquaculture Systems: A Transfer Learning and Fusion-Based Approach,"augmentation: h-flip, shift 0.2, rotation 20/40/60, brightness",augmentation,[A],P2 sec III.B.1,"three: dataset-1 Fresh Water Fish Disease (7 classes, public), dataset-2 (305 images, 2 classes, public), dataset-3 own 'Freshwater fish disease aquaculture in South Asia' (~2,450 images, 7 classes, 350/class)",pixel normalisation (rescale 1/255),"horizontal flip, width/height shift 0.2, rotation 20/40/60 deg, brightness variation, fill nearest; applied BEFORE the 60/20/20 split (leakage-prone protocol)","compared Adam, RMSProp, Adadelta, SGD per backbone",NOT STATED in paper text (SVM classifier for the fusion model),NOT STATED in paper text (only in table figures),NOT STATED in paper text,ImageNet-pretrained CNNs,transfer learning; fine-tuning details NOT STATED in paper text,"accuracy, precision, recall, F1, confusion matrix (macro/weighted avg)",PARTLY APPLICABLE - flip/rotation/brightness exist [C]; width/height shift is absent (RandomAffine translate would be a [D] addition),none,none,paper augmented before splitting - NOT to be copied
P2,Empirical Evaluation of Deep Learning Techniques for Fish Disease Detection in Aquaculture Systems: A Transfer Learning and Fusion-Based Approach,optimizer comparison Adam / RMSProp / Adadelta / SGD,optimizer,[A],P2 sec IV.B,"three: dataset-1 Fresh Water Fish Disease (7 classes, public), dataset-2 (305 images, 2 classes, public), dataset-3 own 'Freshwater fish disease aquaculture in South Asia' (~2,450 images, 7 classes, 350/class)",pixel normalisation (rescale 1/255),"horizontal flip, width/height shift 0.2, rotation 20/40/60 deg, brightness variation, fill nearest; applied BEFORE the 60/20/20 split (leakage-prone protocol)","compared Adam, RMSProp, Adadelta, SGD per backbone",NOT STATED in paper text (SVM classifier for the fusion model),NOT STATED in paper text (only in table figures),NOT STATED in paper text,ImageNet-pretrained CNNs,transfer learning; fine-tuning details NOT STATED in paper text,"accuracy, precision, recall, F1, confusion matrix (macro/weighted avg)",APPLICABLE in principle; only Adam and SGD are supported by the engine [C]; RMSProp/Adadelta would be [D] additions,none,none,paper shows optimizer choice is backbone-dependent
P3,Comparison of EfficientNetB1 Model Effectiveness in Identifying Fish Diseases in South Asian Fish Diseases and Salmon Fish Diseases,"Adam lr 3e-5, batch 64/32, 25 epochs, EarlyStopping(patience 5)",training,[A],P3 Table I,"Freshwater Fish Disease Aquaculture in South Asia (Kaggle; 7 classes x 100 = 700 images) and SalmonScan (Mendeley; 2 classes, 243 images)",rescale 1/255; resize to 150x150,none (listed as future work),Adam,categorical cross-entropy,3e-5,"none; EarlyStopping(patience 5, monitor val_accuracy)",EfficientNetB1 include_top=False (ImageNet),"all 7,953,433 params trainable (Table II)","accuracy, precision, recall (val)",APPLICABLE - lr and early stopping are controlled variants; early stopping is not implemented in the engine [D],none,none,
P3,Comparison of EfficientNetB1 Model Effectiveness in Identifying Fish Diseases in South Asian Fish Diseases and Salmon Fish Diseases,head: BatchNorm -> Dense(128) -> Dropout -> Dense(K),classifier,[A],P3 Table II,"Freshwater Fish Disease Aquaculture in South Asia (Kaggle; 7 classes x 100 = 700 images) and SalmonScan (Mendeley; 2 classes, 243 images)",rescale 1/255; resize to 150x150,none (listed as future work),Adam,categorical cross-entropy,3e-5,"none; EarlyStopping(patience 5, monitor val_accuracy)",EfficientNetB1 include_top=False (ImageNet),"all 7,953,433 params trainable (Table II)","accuracy, precision, recall (val)","APPLICABLE as a controlled head variant; existing head is Dropout -> Linear(1280,K) [C]",none,none,
P3,Comparison of EfficientNetB1 Model Effectiveness in Identifying Fish Diseases in South Asian Fish Diseases and Salmon Fish Diseases,"input 150x150, rescale 1/255, no augmentation",preprocessing,[A],P3 sec C,"Freshwater Fish Disease Aquaculture in South Asia (Kaggle; 7 classes x 100 = 700 images) and SalmonScan (Mendeley; 2 classes, 243 images)",rescale 1/255; resize to 150x150,none (listed as future work),Adam,categorical cross-entropy,3e-5,"none; EarlyStopping(patience 5, monitor val_accuracy)",EfficientNetB1 include_top=False (ImageNet),"all 7,953,433 params trainable (Table II)","accuracy, precision, recall (val)",NOT ADOPTED - 224 is a project requirement [B]; ImageNet normalisation is what the pretrained weights expect [C],none,none,
P3,Comparison of EfficientNetB1 Model Effectiveness in Identifying Fish Diseases in South Asian Fish Diseases and Salmon Fish Diseases,EfficientNetB1 backbone,backbone,[A],P3 sec A,"Freshwater Fish Disease Aquaculture in South Asia (Kaggle; 7 classes x 100 = 700 images) and SalmonScan (Mendeley; 2 classes, 243 images)",rescale 1/255; resize to 150x150,none (listed as future work),Adam,categorical cross-entropy,3e-5,"none; EarlyStopping(patience 5, monitor val_accuracy)",EfficientNetB1 include_top=False (ImageNet),"all 7,953,433 params trainable (Table II)","accuracy, precision, recall (val)","POSSIBLE B0->B1 comparison, but B0 is the mandated primary model [B]",none,none,
P4,SLCAM-AquaNet: an attention-enhanced lightweight deep learning model for accurate classification of aquaculture disease,SLCAM attention module (horizontal + vertical + spatial + channel attention) inserted into a CNN backbone,attention,[A],"P4 sec 3.3, Fig 4, Eq 3-6","own multi-species aquaculture dataset: 6 species (Tilapia, Grass carp, Catla, Rohu, Nile perch, Channel catfish) x 5 classes (Healthy, Bacterial, Viral, Parasitic, Fungal)",resize 224x224; acquisition-run-level split to avoid leakage,"random horizontal flip p=0.5, random crop scale 0.8-1.0, colour jitter brightness/contrast/saturation +-20 %; none on val/test",SGD momentum 0.9,NOT STATED in paper text,"0.01, decayed x0.1 every 20 epochs",step decay /10 every 20 epochs,ResNet18 / ResNet50 / MobileNetV2,full training of backbone+SLCAM,"Top-1 accuracy, precision, recall, F1, params, FLOPs",APPLICABLE - can be inserted after late EfficientNet-B0 blocks; requires new module code [D]; paper equations give the design,none,none,paper backbones are ResNet/MobileNetV2; EfficientNet insertion point is an engineering decision
P4,SLCAM-AquaNet: an attention-enhanced lightweight deep learning model for accurate classification of aquaculture disease,"SGD momentum 0.9, lr 0.01, step decay /10 every 20 epochs, batch 32, 100 epochs",optimizer,[A],P4 sec 4.3,"own multi-species aquaculture dataset: 6 species (Tilapia, Grass carp, Catla, Rohu, Nile perch, Channel catfish) x 5 classes (Healthy, Bacterial, Viral, Parasitic, Fungal)",resize 224x224; acquisition-run-level split to avoid leakage,"random horizontal flip p=0.5, random crop scale 0.8-1.0, colour jitter brightness/contrast/saturation +-20 %; none on val/test",SGD momentum 0.9,NOT STATED in paper text,"0.01, decayed x0.1 every 20 epochs",step decay /10 every 20 epochs,ResNet18 / ResNet50 / MobileNetV2,full training of backbone+SLCAM,"Top-1 accuracy, precision, recall, F1, params, FLOPs","APPLICABLE - engine supports sgd + StepLR [C]; 100 epochs exceeds hackathon budget, a shortened schedule is [D]",none,none,
P4,SLCAM-AquaNet: an attention-enhanced lightweight deep learning model for accurate classification of aquaculture disease,"augmentation: h-flip 0.5, random crop scale 0.8-1.0, colour jitter +-20 % (brightness/contrast/saturation)",augmentation,[A],P4 sec 4.3,"own multi-species aquaculture dataset: 6 species (Tilapia, Grass carp, Catla, Rohu, Nile perch, Channel catfish) x 5 classes (Healthy, Bacterial, Viral, Parasitic, Fungal)",resize 224x224; acquisition-run-level split to avoid leakage,"random horizontal flip p=0.5, random crop scale 0.8-1.0, colour jitter brightness/contrast/saturation +-20 %; none on val/test",SGD momentum 0.9,NOT STATED in paper text,"0.01, decayed x0.1 every 20 epochs",step decay /10 every 20 epochs,ResNet18 / ResNet50 / MobileNetV2,full training of backbone+SLCAM,"Top-1 accuracy, precision, recall, F1, params, FLOPs",APPLICABLE - nearly identical to existing augmentation [C] except saturation jitter (absent) and no rotation,none,none,"controlled test = add saturation 0.2, remove rotation"
P4,SLCAM-AquaNet: an attention-enhanced lightweight deep learning model for accurate classification of aquaculture disease,resize 224x224; acquisition-run-level leakage control,preprocessing,[A],P4 sec 4.1,"own multi-species aquaculture dataset: 6 species (Tilapia, Grass carp, Catla, Rohu, Nile perch, Channel catfish) x 5 classes (Healthy, Bacterial, Viral, Parasitic, Fungal)",resize 224x224; acquisition-run-level split to avoid leakage,"random horizontal flip p=0.5, random crop scale 0.8-1.0, colour jitter brightness/contrast/saturation +-20 %; none on val/test",SGD momentum 0.9,NOT STATED in paper text,"0.01, decayed x0.1 every 20 epochs",step decay /10 every 20 epochs,ResNet18 / ResNet50 / MobileNetV2,full training of backbone+SLCAM,"Top-1 accuracy, precision, recall, F1, params, FLOPs",APPLICABLE - 224 matches [B]; our near-duplicate-group split [C] is the analogue of run-level control,none,none,
P5,DINO-Patch: Unsupervised Fish Disease Detection via DINOv2 with Leave-One-Fish-Out Evaluation,DINOv2 ViT-S/14 frozen patch features + PCA foreground mask + memory-bank k-NN anomaly score,transformer,[A],P5 sec 4,"MatsyaDx-BD (own): Grass/Silver/Bighead carp, Healthy + BG + BR + EUS, specimen-level organisation; cross-dataset SalmonScan","resize shorter side to 448, centre-crop to a multiple of the 14-px patch",none,none,none (training-free),none,none,"DINOv2 ViT-S/14, frozen",none,"AUROC, Leave-One-Fish-Out protocol","NOT APPLICABLE to 8-class supervised classification - it is binary healthy-vs-anomalous, training-free; could only serve as an out-of-distribution / 'is this a fish' filter [D]",healthy reference set only,none,LOFO evaluation needs specimen IDs we do not have
P5,DINO-Patch: Unsupervised Fish Disease Detection via DINOv2 with Leave-One-Fish-Out Evaluation,Leave-One-Fish-Out specimen-level evaluation,evaluation,[A],P5 sec 3.2,"MatsyaDx-BD (own): Grass/Silver/Bighead carp, Healthy + BG + BR + EUS, specimen-level organisation; cross-dataset SalmonScan","resize shorter side to 448, centre-crop to a multiple of the 14-px patch",none,none,none (training-free),none,none,"DINOv2 ViT-S/14, frozen",none,"AUROC, Leave-One-Fish-Out protocol",NOT REPRODUCIBLE - dataset has no specimen identity; our group-aware split by near-duplicate is the closest proxy [C],specimen IDs,none,
